{
  "visState": "{\"title\":\"HTTP error codes\",\"type\":\"histogram\",\"params\":{\"shareYAxis\":true,\"addTooltip\":true,\"addLegend\":false,\"mode\":\"stacked\",\"defaultYExtents\":false,\"scale\":\"linear\",\"times\":[],\"addTimeMarker\":false,\"setYExtents\":false,\"yAxis\":{}},\"aggs\":[{\"id\":\"1\",\"type\":\"cardinality\",\"schema\":\"metric\",\"params\":{\"field\":\"type\"}},{\"id\":\"2\",\"type\":\"terms\",\"schema\":\"segment\",\"params\":{\"field\":\"http.code\",\"size\":5,\"order\":\"desc\",\"orderBy\":\"1\"}}],\"listeners\":{}}", 
  "description": "", 
  "title": "HTTP error codes", 
  "uiStateJSON": "{}", 
  "version": 1, 
  "kibanaSavedObjectMeta": {
    "searchSourceJSON": "{\"filter\":[{\"$state\":{\"store\":\"appState\"},\"meta\":{\"disabled\":false,\"index\":\"packetbeat-*\",\"key\":\"type\",\"negate\":false,\"value\":\"http\",\"alias\":null},\"query\":{\"match\":{\"type\":{\"query\":\"http\",\"type\":\"phrase\"}}}}],\"index\":\"packetbeat-*\",\"highlight\":{\"pre_tags\":[\"@kibana-highlighted-field@\"],\"post_tags\":[\"@/kibana-highlighted-field@\"],\"fields\":{\"*\":{}}},\"query\":{\"query_string\":{\"query\":\"http.code: [300 TO *]\",\"analyze_wildcard\":true}}}"
  }
}