{
  "visState": "{\n  \"aggs\": [\n    {\n      \"id\": \"1\",\n      \"params\": {\n        \"field\": \"proc.cpu.total\"\n      },\n      \"schema\": \"metric\",\n      \"type\": \"max\"\n    },\n    {\n      \"id\": \"2\",\n      \"params\": {\n        \"field\": \"proc.name\",\n        \"order\": \"desc\",\n        \"orderBy\": \"1\",\n        \"size\": 10\n      },\n      \"schema\": \"segment\",\n      \"type\": \"terms\"\n    }\n  ],\n  \"listeners\": {},\n  \"params\": {\n    \"addLegend\": true,\n    \"addTimeMarker\": false,\n    \"addTooltip\": true,\n    \"defaultYExtents\": false,\n    \"mode\": \"stacked\",\n    \"scale\": \"linear\",\n    \"setYExtents\": false,\n    \"shareYAxis\": true,\n    \"times\": [],\n    \"yAxis\": {}\n  },\n  \"type\": \"histogram\"\n}", 
  "description": "", 
  "title": "Top 10 processes by total CPU usage", 
  "version": 1, 
  "savedSearchId": "Process-stats", 
  "kibanaSavedObjectMeta": {
    "searchSourceJSON": "{\n  \"filter\": []\n}"
  }
}
