{
  "visState": "{\n  \"type\": \"histogram\",\n  \"params\": {\n    \"shareYAxis\": true,\n    \"addTooltip\": true,\n    \"addLegend\": true,\n    \"scale\": \"linear\",\n    \"mode\": \"stacked\",\n    \"times\": [],\n    \"addTimeMarker\": false,\n    \"defaultYExtents\": false,\n    \"setYExtents\": false,\n    \"yAxis\": {}\n  },\n  \"aggs\": [\n    {\n      \"id\": \"1\",\n      \"type\": \"avg\",\n      \"schema\": \"metric\",\n      \"params\": {\n        \"field\": \"proc.mem.rss_p\"\n      }\n    },\n    {\n      \"id\": \"2\",\n      \"type\": \"terms\",\n      \"schema\": \"segment\",\n      \"params\": {\n        \"field\": \"proc.name\",\n        \"size\": 10,\n        \"order\": \"desc\",\n        \"orderBy\": \"1\"\n      }\n    }\n  ],\n  \"listeners\": {}\n}", 
  "description": "", 
  "title": "Top 10 memory consumers", 
  "version": 1, 
  "savedSearchId": "Process-stats", 
  "kibanaSavedObjectMeta": {
    "searchSourceJSON": "{\n  \"filter\": []\n}"
  }
}
