{
  "sort": [
    "@timestamp", 
    "desc"
  ], 
  "hits": 0, 
  "description": "", 
  "title": "System-stats", 
  "version": 1, 
  "kibanaSavedObjectMeta": {
    "searchSourceJSON": "{\n  \"index\": \"topbeat-*\",\n  \"query\": {\n    \"query_string\": {\n      \"analyze_wildcard\": true,\n      \"query\": \"*\"\n    }\n  },\n  \"highlight\": {\n    \"pre_tags\": [\n      \"@kibana-highlighted-field@\"\n    ],\n    \"post_tags\": [\n      \"@/kibana-highlighted-field@\"\n    ],\n    \"fields\": {\n      \"*\": {}\n    },\n    \"require_field_match\": false,\n    \"fragment_size\": 2147483647\n  },\n  \"filter\": [\n    {\n      \"$state\": {\n        \"store\": \"appState\"\n      },\n      \"meta\": {\n        \"alias\": null,\n        \"disabled\": false,\n        \"index\": \"topbeat-*\",\n        \"key\": \"type\",\n        \"negate\": false,\n        \"value\": \"system\"\n      },\n      \"query\": {\n        \"match\": {\n          \"type\": {\n            \"query\": \"system\",\n            \"type\": \"phrase\"\n          }\n        }\n      }\n    }\n  ]\n}"
  }, 
  "columns": [
    "_source"
  ]
}